ID,Vacancy_name,Salary,Experience,Company_name,Location
1,Юрист,250 000 – 300 000 ₸ до вычета налогов,Опыт 1-3 года,ТОО YES EXCHANGE,Алматы
2,Помощник юриста,,Опыт 3-6 лет,ТОО ПК Алтын Таға,Каскелен
3,Юрист,500 000 – 1 200 000 ₸ на руки,Опыт более 6 лет,ТОО ADM Valner,Костанай
4,Юрисконсульт,350 000 – 380 000 ₸ на руки,Опыт 1-3 года,ТОО DTJ SERVICE,Усть-Каменогорск
5,Юрист,500 000 – 500 000 ₸ на руки,Опыт более 6 лет,ТОО Hyundai Auto Kazakhstan,Алматы
6,Корпоративный юрист,от 500 000 ₸ на руки,Опыт более 6 лет,ТОО ALEM LTD,Алматы
7,Юрист,от 350 000 ₸ на руки,Опыт 3-6 лет,ТОО Оптимальный,Караганда
8,Юрист,от 500 000 ₸ на руки,Опыт 3-6 лет,ТОО Kemel Education,Алматы
9,Юрист,300 000 – 320 000 ₸ до вычета налогов,Опыт 1-3 года,ТОО Тазалык-2012,Костанай
10,Юрист,80 000 – 100 000 ₽ на руки,Опыт 3-6 лет,ООО Рециклинговая Компания,Актобе
11,Юрист,400 000 – 600 000 ₸ до вычета налогов,Опыт 3-6 лет,ТОО Mega SMART,Алматы
12,Юрист,450 000 – 500 000 ₸ до вычета налогов,Опыт 3-6 лет,ТОО Nur Zholy Сustoms Service,Жаркент
13,Миграционный юрист,400 000 – 500 000 ₸ на руки,Опыт 1-3 года,ТОО PROFUSION PROJECTS,Алматы
14,Корпоративный юрист,от 500 000 ₸ до вычета налогов,Опыт 3-6 лет,ТОО ВАТЕК КАЗАХСТАН,Алматы
15,Юрист,,Опыт более 6 лет,ТОО HUMAN CAPITAL GROUP,Алматы
16,Юрист (дистанционная работа для иногородних специалистов),400 000 – 600 000 ₸ на руки,Опыт 1-3 года,ТОО QazBankrot.kz,Алматы
17,Помощник юриста,250 000 – 350 000 ₸ на руки,Без опыта,ТОО МИКРОФИНАНСОВАЯ ОРГАНИЗАЦИЯ KREDIT SEVEN KAZAKHSTAN (КРЕДИТ СЕВЕН КАЗАХСТАН),Алматы
18,Юрист,,Опыт 3-6 лет,ТОО ГидроТехСнаб Астана,Астана
19,Помощник юриста,от 370 000 ₸ на руки,Без опыта,ИП Правовой пульс,Алматы
20,Начинающий юрист,,Без опыта,"ТОО Astana Mall Trading,ТОО",Астана
21,Юрист,,Опыт 3-6 лет,ТОО АгроТехМенеджмент,Астана
22,Юрист (помощник юриста),,Опыт 3-6 лет,ТОО Dostyk TransTerminal (Достык ТрансТерминал),Алматы
23,Юрист,400 000 – 450 000 ₸ на руки,Опыт более 6 лет,ТОО Керуен-Medicus,Алматы
24,Старший юрист,500 000 – 500 000 ₸ на руки,Опыт более 6 лет,АО ALG Company,Алматы
25,Помощник юриста/Ассистент юриста,от 380 000 ₸ на руки,Без опыта,ИП Правовой пульс,Алматы
26,Юрист,,Опыт 1-3 года,ТОО РАМС КАЗАХСТАН,Атырау
27,Юрист,до 400 000 ₸ на руки,Опыт 3-6 лет,ТОО SATURN DISTRIBUTION (САТУРН ДИСТРИБЬЮШН),Алматы
28,Юрист в DSF Trading Co,от 400 000 ₸ на руки,Опыт 1-3 года,ТОО DSF Trading Co,Алматы
29,Юрист по судебной работе,от 450 000 ₸ на руки,Опыт 1-3 года,ИП Легал Партнер,Алматы
30,Юрист,,Опыт 3-6 лет,ТОО Новые Технологии Тараз,Тараз
31,Юрист,до 330 000 ₸ до вычета налогов,Опыт 1-3 года,Тойота Центр / Лексус Центр (ТОО Автоцентр Актобе),Актобе
32,Юрист в единственном числе,,Опыт более 6 лет,ТОО Лечебно-оздоровительный комплекс Алатау,Алматы
33,Специалист\юрист,200 000 – 250 000 ₸ на руки,Без опыта,ТОО INDEPENDENT LAWYERS GROUP,Алматы
34,Юрист,,Опыт 3-6 лет,КХ Central Asia Agro,Шымкент
35,Старший юрист правовой поддержки,,Опыт 1-3 года,"Beeline, ТМ",Алматы
36,Юрист,300 000 – 350 000 ₸ на руки,Опыт 1-3 года,ИП SV TRANS Logistics,Костанай
37,Юрист,350 000 – 400 000 ₸ на руки,Опыт 1-3 года,ТОО Top cleaning service,Алматы
38,Юрист,,Опыт 1-3 года,АО Международный аэропорт Шымкент,Шымкент
39,Юрист по договорной работе,264 600 – 264 600 ₸ до вычета налогов,Без опыта,АО Авиаремонтный завод № 405,Алматы
40,Юрист,,Опыт 3-6 лет,ТОО QGG SERVICE,Астана
41,Юрист,от 300 000 ₸ до вычета налогов,Опыт 1-3 года,"Аэропорт Сары-Арка, АО",Караганда
42,Юрист,,Опыт 3-6 лет,ТОО Сайман Корпорация,Алматы
43,Юрист,250 000 – 500 000 ₸ до вычета налогов,Опыт 1-3 года,ТОО General Business Law,Астана
44,Помощник юриста,от 370 000 ₸ на руки,Без опыта,ИП Юридическая Точка,Актобе
45,Юрист,,Опыт 1-3 года,ТОО АльДиС,Алматы
46,Помощник юриста,от 200 000 ₸ на руки,Опыт 1-3 года,ТОО ATP Group Kazakhstan,Алматы
47,Старший юрист,от 400 000 ₸ до вычета налогов,Опыт 3-6 лет,ТОО Щелково Агрохим - KZ,Астана
48,Юрист,до 500 000 ₸ на руки,Опыт 3-6 лет,ТОО Dostar coffee,Астана
49,Стажера/помощника юриста,,Без опыта,ТОО ADG – AULET DEVELOPMENT GROUP,Шымкент
50,Помощник юриста,от 370 000 ₸ на руки,Без опыта,ИП Легал Партнер,Алматы
51,Главный юрист Юридического департамента,,Опыт 3-6 лет,"Халык-Life, АО",Алматы
52,Юрист знанием английского языка,580 000 – 600 000 ₸ на руки,Опыт 3-6 лет,ТОО Формат 2020,Астана
53,Юрист,300 000 – 700 000 ₸ на руки,Опыт 3-6 лет,ТОО Корпорация Астана - Стройинвест,Алматы
54,Помощник юриста/Ассистент юриста,от 370 000 ₸ на руки,Без опыта,ИП Ego Sum Lex,Астана
55,Юрист,,Опыт 3-6 лет,ТОО Кублей,Уральск
56,Помощник юриста/Ассистент юриста,от 370 000 ₸ на руки,Без опыта,ИП Легал Партнер,Алматы
57,Юрист по судебной работе,от 500 000 ₸ на руки,Опыт 3-6 лет,ИП Юридическая Точка,Актобе
58,Юрист корпоративный,350 000 – 600 000 ₸ на руки,Опыт более 6 лет,ТОО Aspan Asia,Алматы
59,Старший юрист,от 550 000 ₸ до вычета налогов,Опыт 3-6 лет,ТОО Astana-Plat,Алматы
60,Юрист,600 000 – 600 000 ₸ на руки,Опыт 1-3 года,ТОО STRATERA,Астана
61,Юрист (гражданское право),,Опыт 1-3 года,АО МФО ОнлайнКазФинанс (ТМ Solva),Алматы
62,Юрист,300 000 – 500 000 ₸ на руки,Опыт 3-6 лет,ТОО GB Consult,Алматы
63,Юрист/HR,350 000 – 500 000 ₸ на руки,Опыт более 6 лет,ТОО Astana Construction Business Group,Астана
64,Юрист,250 000 – 350 000 ₸ до вычета налогов,Опыт 1-3 года,ТОО New Direction,Астана
65,Юрисконсульт,от 500 000 ₸ на руки,Опыт 3-6 лет,ИП Ego Sum Lex,Астана
66,Юрист,350 000 – 400 000 ₸ на руки,Опыт 1-3 года,ТОО Райкен,Астана
67,Юрист,от 500 000 ₸ на руки,Опыт более 6 лет,ТОО Qazaq Mining Company,Алматы
68,Юрист,,Опыт 3-6 лет,ТОО Ана Жер Курылыс,Алматы
69,Юрист Отдела претензионно-исковой работы,,Опыт 1-3 года,СК Jusan Garant,Алматы
70,Юрист,400 000 – 450 000 ₸ на руки,Опыт 3-6 лет,ТОО Parasat Samex Co.LTD,Алматы
71,Юрист,300 000 – 350 000 ₸ на руки,Опыт 3-6 лет,ТОО Гелиос,Усть-Каменогорск
72,Юрист,от 500 000 ₸ на руки,Опыт более 6 лет,"АО Fincraft Resources, АО",Алматы
73,Ведущий юрист-договорник,от 497 000 ₸ до вычета налогов,Опыт 3-6 лет,ТОО Халык Актив,Алматы
74,Юрист,,Опыт более 6 лет,ТОО AgroTerraGroup,Павлодар
75,Помощник юриста (Стажер),до 85 000 ₸ до вычета налогов,Без опыта,ТОО QNP Business partner,Караганда
76,Корпоративный юрист,,Опыт 3-6 лет,ТОО Казфосфат,Алматы
77,Помощник юриста,от 370 000 ₸ на руки,Без опыта,ИП Ego Sum Lex,Астана
78,Юрист,350 000 – 350 000 ₸ на руки,Опыт 1-3 года,ТОО PARASAT II,Алматы
79,Юрист,до 500 000 ₸ на руки,Опыт 3-6 лет,Общ. орг. Общественный фонд «United Charity Projects Evolution»,Алматы
80,Старший Юрист,,Опыт 3-6 лет,"Юридическая Фирма GRATA,ТОО",Астана
81,Юрист правового сопровождения,,Опыт 3-6 лет,АО Народный банк Казахстана,Алматы
82,Юрист,,Опыт 3-6 лет,ТОО Сорпа КЗ,Астана
83,Юрист,от 400 000 ₸ на руки,Опыт 3-6 лет,ТОО Микрофинансовая организация ФРИДОМ ФИНАНС Кредит,Алматы
84,Юрист,от 350 000 ₸ на руки,Опыт 1-3 года,ТОО Lider Stroy 2002,Астана
85,Юрисконсульт,,Опыт 3-6 лет,АО Национальный центр экспертизы и сертификации,Талдыкорган
86,Юрист-кадровик,246 000 – 370 000 ₸ до вычета налогов,Опыт 1-3 года,ТОО Агротоп,Шымкент
87,Юрист по сопровождению,300 000 – 350 000 ₸ на руки,Опыт 1-3 года,ТОО Современная Защита,Алматы
88,Помощник юриста,до 180 000 ₸ на руки,Без опыта,ТОО Esplora Consulting (Эсплора Консалтинг),Астана
89,Юрист,,Опыт 1-3 года,ТОО ARG Trading and Co,Астана
90,Юрист,300 000 – 450 000 ₸ на руки,Опыт 1-3 года,ТОО Современная Защита,Алматы
91,Юрист,,Опыт 1-3 года,АО Алматинский Технологический Университет,Алматы
92,Помощник юриста,,Опыт 1-3 года,ТОО КОНТИНЕНТ ИНВЕСТ ГРУПП ГОСТИНИЦА HOLIDAY INN ALMATY,Алматы
93,Юрист,,Опыт 3-6 лет,ТОО Tau-ken Temir,Караганда
94,Старший Юрист,,Опыт 3-6 лет,"Юридическая Фирма GRATA,ТОО",Атырау
95,Юрист,350 000 – 500 000 ₸ на руки,Опыт 3-6 лет,ТОО 1ON,Алматы
96,Юрист,,Опыт 3-6 лет,ТОО Baker Tilly Qazaqstan Advisory (Бейкер Тилли Казахстан Эдвайзори),Астана
97,"Специалист по работе с договорами, юрисконсульт",от 300 000 ₸ на руки,Опыт 3-6 лет,ТОО UNION PARTNERS LLP (Юнион Партнерс ЛЛП),Алматы
98,Юрист,300 000 – 400 000 ₸ на руки,Опыт 3-6 лет,ТОО TED Company,Астана
99,Младший юрист,,Без опыта,ТОО Smart Solutions Personnel,Алматы
100,Юрист,,Опыт 3-6 лет,ТОО EHS Machinery,Усть-Каменогорск
101,Младший Юрист,,Без опыта,ТОО Юридическая Фирма Synergy Partners,Алматы
102,Ведущий специалист юридического отдела,,Опыт 3-6 лет,ТОО Микрофинансовая организация Шинхан Финанс,Алматы
103,Юрист,,Опыт 3-6 лет,ТОО Бизнес парк Станица,Алматы
104,Помощник юриста,от 200 000 ₸ на руки,Без опыта,ТОО Элитстрой Алматы,Алматы
105,Юрист,,Опыт 3-6 лет,ТОО TS Property Management,Алматы
106,Юрист,до 300 000 ₸ до вычета налогов,Опыт 3-6 лет,ТОО ТД ПАЙДА,Уральск
107,Юрист,,Опыт 3-6 лет,ТОО NSS PROJECT,Алматы
108,Юрист,300 000 – 350 000 ₸ на руки,Опыт 1-3 года,ТОО Force Trade Service,Алматы
109,Юрист по персоналу,,Без опыта,"ТОО Astana Mall Trading,ТОО",Астана
110,Старший юрист,250 000 – 250 000 ₸ на руки,Опыт 1-3 года,ТОО Коллекторское агентство ELITE KZ,Алматы
111,Юрист,от 300 000 ₸ на руки,Опыт 1-3 года,ТОО Вайпоинг,Астана
112,Главный специалист юриста,300 000 – 350 000 ₸ на руки,Опыт 1-3 года,ТОО Коллекторское агентство Эксперт,Алматы
113,Юрист,,Опыт 1-3 года,ТОО Диал-Строй,Алматы
114,Юрист,до 250 000 ₸ до вычета налогов,Опыт более 6 лет,ТОО Азия Ойл,Караганда
115,Юрист,от 250 000 ₸ на руки,Опыт 1-3 года,ИП Prokat-instrumenta.kz,Алматы
116,Помощник юриста,150 000 – 150 000 ₸ на руки,Без опыта,ТОО Микрофинансовая организация аФинанс,Алматы
117,Юрисконсульт,200 000 – 300 000 ₸ на руки,Опыт 1-3 года,ТОО LLP-IVS,Алматы
118,Юрист,,Опыт 3-6 лет,ТОО ЖК Кристалл 2,Атырау
119,Юрисконсульт по вопросам рекламы,,Опыт 3-6 лет,"Облачные, инфраструктурные сервисы и Яндекс 360 ",Алматы
120,Юрист,250 – 350 ₸ на руки,Опыт 1-3 года,ТОО ALLWORK (ОЛВОРК),Алматы
121,Юрист,от 370 000 ₸ на руки,Опыт 1-3 года,ИП Юридическая Точка,Актобе
122,Главный специалист (Юрист),до 320 000 ₸ до вычета налогов,Опыт 3-6 лет,Некоммерческое акционерное общество Алматинский университет энергетики и связи имени Гумарбека Даукеева,Алматы
123,Юрист,,Опыт 3-6 лет,АО «ФИНАНСОВЫЙ ХОЛДИНГ «РЕСПУБЛИКА»,Алматы
124,Помощник юриста,от 150 000 ₸ до вычета налогов,Без опыта,ТОО Common Market Corporation,Караганда
125,Руководитель юридического отдела,от 260 000 ₸ на руки,Опыт 3-6 лет,ИП Юридическая Точка,Актобе
126,Юрист,,Опыт более 6 лет,"ТОО Стройтекс, Компания",Алматы
127,Юрист,от 400 000 ₸ до вычета налогов,Опыт 3-6 лет,ТОО УльбаКомплекс,Усть-Каменогорск
128,Юрист,,Опыт 1-3 года,ТОО MG Partners Commercial,Алматы
129,Юрист,,Опыт 3-6 лет,ТОО Jana Post,Алматы
130,Старший юрист со знанием английского языка,550 000 – 600 000 ₸ на руки,Опыт 3-6 лет,ТОО Формат 2020,Астана
131,Юрист,250 000 – 350 000 ₸ на руки,Опыт 1-3 года,ТОО Коллекторское агентство Kaz Collect,Алматы
132,Младший юрист,до 100 000 ₸ на руки,Без опыта,ТОО Алтын Алма,Алматы
133,Юрист-правовед,,Опыт 3-6 лет,Общ. орг. Общественный фонд «United Charity Projects Evolution»,Алматы
134,Юрист,,Опыт 1-3 года,Булочникова Юлия Георгиевна,Алматы
135,Юрист,,Опыт 3-6 лет,АО NOMAD insurance,Караганда
136,Главный специалист юрист,300 000 – 350 000 ₸ на руки,Опыт 1-3 года,ТОО Коллекторское агентство Эксперт,Алматы
137,Юрист,,Опыт 3-6 лет,ТОО Konsu,Алматы
138,Юрист,,Опыт более 6 лет,ТОО Ultradecor Trading Kazakhstan,Астана
139,Юрист,от 170 000 ₸ на руки,Опыт 3-6 лет,Гос. корп. Коммунальное государственное учреждение Центр трудовой мобильности по Павлодарской области управления координации занятости и социальных программ Па,Павлодар
140,Юрист,,Опыт более 6 лет,ТОО Ultradecor Trading Kazakhstan,Петропавловск
141,Юрист,,Опыт 1-3 года,ТОО Идеал Трейд Маркет,Атырау
142,Юрист,,Опыт 1-3 года,ТОО MG Partners Commercial,Караганда
143,Помощник юриста,от 150 000 ₸ на руки,Без опыта,ТОО Коллекторское агентство А-Омега,Алматы
144,Юрист,200 000 – 250 000 ₸ на руки,Опыт 1-3 года,ТОО Baza Construction,Астана
145,Юрист,до 450 000 ₸ на руки,Опыт 3-6 лет,ТОО ТехноGRAD,Алматы
146,Юрист,от 500 000 ₸ на руки,Опыт 3-6 лет,ТОО Level Industry,Алматы
147,Ведущий юрист,,Опыт более 6 лет,"ОАО Жайремский ГОК, АО",Караганда
148,Юрист начального уровня,от 180 000 ₸ на руки,Без опыта,ТОО Коллекторское агентство Эксперт,Алматы
149,Юрист,от 250 000 ₸ до вычета налогов,Опыт 3-6 лет,ТОО Транссервис,Астана
150,Юрист,,Опыт 1-3 года,ТОО Regatta Consult,Алматы
151,Юрист,,Опыт 1-3 года,АО Микрофинансовая организация KMF(КМФ),Алматы
152,Юрист,от 500 000 ₸ на руки,Опыт 1-3 года,ТОО АК Construction Company,Алматы
153,Юрист,от 500 000 ₸ на руки,Опыт 3-6 лет,ТОО Asia Capital Building,Алматы
154,Юрист,от 400 000 ₸ на руки,Опыт 1-3 года,ТОО ЦЕНТР-С,Усть-Каменогорск
155,Юрист в отдел претензионно-исковой работы,300 000 – 500 000 ₸ на руки,Опыт 1-3 года,ТОО QQQ - Qazaqstan Qamqor Qyzmet,Алматы
156,Юрист по договорам,до 400 000 ₸ на руки,Опыт 3-6 лет,ТОО VK development group,Усть-Каменогорск
157,Юрист начального уровня,от 300 000 ₸ на руки,Опыт 1-3 года,ТОО AspanNova,Алматы
158,Юрист,300 000 – 450 000 ₸ на руки,Опыт более 6 лет,ТОО Ак-Жайык-7,Уральск
159,Помощник юриста и нотариуса,250 000 – 450 000 ₸ до вычета налогов,Опыт 1-3 года,ТОО New Direction,Астана
160,Юрист первичного приема/Юрист начального уровня,от 375 000 ₸ на руки,Без опыта,ИП Правовой пульс,Алматы
161,Юрист,250 000 – 300 000 ₸ на руки,Опыт 3-6 лет,ТОО Alem Construct,Тараз
162,Помощник юриста,450 000 – 450 000 ₸ на руки,Опыт 3-6 лет,ТОО ALCOMARKET.KZ (АЛКОМАРКЕТ.КЗ),Алматы
163,"Помощник Юриста, г. Алматы",от 50 000 ₽ на руки,Без опыта,BY business group,Алматы
164,Юрист,от 500 000 ₸ до вычета налогов,Опыт 3-6 лет,ТОО JASYL SUYQ QAZAQSTAN,Туркестан
165,Юрист,300 000 – 600 000 ₸ до вычета налогов,Опыт 1-3 года,ТОО Агентство интеллектуальной собственности Казахстан,Алматы
166,Юрист филиала,315 000 – 315 000 ₸ до вычета налогов,Опыт 3-6 лет,АО Нефтяная страховая компания,Караганда
167,Юрист,от 150 000 ₸ до вычета налогов,Опыт 3-6 лет,Гос. корп. ГККП ГОСУДАРСТВЕННЫЙ АКАДЕМИЧЕСКИЙ РУССКИЙ ТЕАТР ДРАМЫ ИМЕНИ М. ГОРЬКОГО АКИМАТА ГОРОДА АСТАНА,Астана
168,"Ведущий юрист , мкр Жулдыз (Турксибский р-н)",400 000 – 500 000 ₸ на руки,Опыт 3-6 лет,ТОО BIZNES TIREK,Алматы
169,Юрисконсульт,,Опыт 3-6 лет,ТОО Стофарм,Костанай
170,Юрист,от 400 000 ₸ на руки,Опыт 1-3 года,ТОО MFO Robocash,Астана
171,Юрист,300 000 – 450 000 ₸ на руки,Опыт более 6 лет,ТОО Ак-Жайык-7,Атырау
172,Руководитель отдела продаж,от 500 000 ₸ на руки,Опыт 1-3 года,ТОО ЮРИСТ ДЛЯ ЛЮДЕЙ,Астана
173,Юрист,,Опыт 3-6 лет,ТОО ИНЖИНИРИНГОВАЯ КОМПАНИЯ КАЗГИПРОНЕФТЕТРАНС,Алматы
174,Юрист со знанием казахского языка,от 500 000 ₸ на руки,Опыт 3-6 лет,ТОО Форт,Алматы
175,Юрист судебно-претензионной работы,,Опыт 1-3 года,ТОО МФО «TAS FINANCE GROUP» (ТАС ФИНАНС ГРУПП),Алматы
176,Юрист,400 000 – 500 000 ₸ на руки,Опыт 3-6 лет,ТОО ABYROI Management,Алматы
177,Юрисконсульт,от 370 000 ₸ на руки,Опыт 1-3 года,ИП Юридическая Точка,Актобе
178,Юрист,,Опыт 3-6 лет,ТОО OneVision,Алматы
179,Юрист,300 000 – 450 000 ₸ на руки,Опыт более 6 лет,ТОО Ак-Жайык-7,Актобе
180,Юрист,от 400 000 ₸ до вычета налогов,Опыт 3-6 лет,ТОО JARDI KZ (ЖАРДИ КЗ),Алматы
181,Юрист,300 000 – 400 000 ₸ на руки,Опыт 1-3 года,ТОО The Smart Space,Шымкент
182,Помощник юриста,,Без опыта,ИП Байтуганова,Астана
183,Юрист,от 400 000 ₸ на руки,Опыт 3-6 лет,ТОО Explosion Solutions,Караганда
184,Юрист (в одном лице),,Опыт более 6 лет,ТОО Qurmet Solution,Астана
185,Юрист,400 000 – 500 000 ₸ на руки,Опыт 3-6 лет,АО Группа компаний Аллюр,Алматы
186,Юрист,от 450 000 ₸ на руки,Опыт более 6 лет,ТОО TruckMotors,Алматы
187,Юрист,324 000 – 405 259 ₸ до вычета налогов,Опыт 3-6 лет,ТОО Эгофом,Караганда
188,Ведущий юрисконсульт,,Опыт 1-3 года,ТОО Международный Аэропорт ОРАЛ,Уральск
189,Юрист,от 500 000 ₸ на руки,Опыт более 6 лет,ТОО Компания САЛАМАТ,Костанай
190,Старший юрист,,Опыт 3-6 лет,АО Altyn Bank,Алматы
191,Юрист в единственном лице,500 000 – 700 000 ₸ до вычета налогов,Опыт более 6 лет,ТОО Office-Expert.kz,Алматы
192,Юрист,до 600 000 ₸ до вычета налогов,Опыт 3-6 лет,ТОО Коллекторское агентство «FD Collection»,Алматы
193,Юрист (Знание казахского и русского языков),,Опыт 3-6 лет,ТОО OskemenAgroProdukt,Усть-Каменогорск
194,Юрист по корпоративному праву,,Опыт более 6 лет,ТОО NetBet (НэтБэт),Алматы
195,"Помощник юриста, г. Астана",от 35 000 ₽ до вычета налогов,Без опыта,BY business group,Астана
196,Юрист,от 300 000 ₸ до вычета налогов,Опыт более 6 лет,ТОО Right Spirit,Астана
197,Юрист,300 000 – 300 000 ₸ на руки,Опыт 3-6 лет,ТОО BAZIS CONSTRUCTION,Астана
198,Юрист,400 000 – 400 000 ₸ на руки,Опыт 3-6 лет,ТОО Алтын Алма,Астана
199,Юрист,от 400 000 ₸ на руки,Опыт 3-6 лет,ТОО SANDYBAY,Астана
200,Юрист,,Опыт 3-6 лет,"Евразиан Фудс Корпорэйшн, АО",Петропавловск
201,Юрист,от 300 000 ₸ на руки,Опыт 3-6 лет,ТОО МонЭлит,Рудный
202,Юрист,,Опыт 3-6 лет,ТОО Talas Investment Company,Тараз
203,Юрист,,Опыт 3-6 лет,АО Jusan Bank,Алматы
204,Юрист,300 000 – 350 000 ₸ до вычета налогов,Опыт 3-6 лет,ТОО Стекло-Сервис,Уральск
205,Корпоративный юрист,от 600 000 ₸ на руки,Опыт более 6 лет,ТОО MFO Robocash,Алматы
206,Юрист,250 000 – 400 000 ₸ до вычета налогов,Опыт более 6 лет,ТОО АРХ-идея-Астана,Алматы
207,Помощник юриста,,Без опыта,ИП Qulpynai Bakery ( ИП Ай-Ханым),Алматы
208,Младший юрист,,Опыт 1-3 года,ТОО Manpower,Алматы
209,Помощник юриста,до 250 000 ₸ на руки,Без опыта,ТОО Алтын Алма,Астана
210,Юрист,250 000 – 300 000 ₸ на руки,Опыт 3-6 лет,"Каустик, АО",Павлодар
211,Юрист в школу BINOM,340 000 – 340 000 ₸ до вычета налогов,Опыт 1-3 года,ТОО BI Education,Астана
212,Юрист (с функцией ОК),до 300 000 ₸ на руки,Опыт 3-6 лет,ТОО КЛАССИК АРА,Астана
213,Юрист,до 200 000 ₸ на руки,Без опыта,МЕЖДУНАРОДНЫЙ ОФ БІЛІМ ОРДА,Астана
214,Юрист,,Опыт 3-6 лет,Транспортная компания Kit,Астана
215,Юрист,от 400 000 ₸ на руки,Опыт 3-6 лет,ТОО QAZCLINKER,Алматы
216,Юрист,,Опыт 1-3 года,АО BOTAI Development,Кокшетау
217,Юрист по недвижимости,,Опыт 1-3 года,ИП Avenue (ТАНАТАРОВ А.М),Алматы
218,Юрист,от 300 000 ₸ на руки,Опыт 3-6 лет,ТОО «KAZ CERAMICS»,Усть-Каменогорск
219,Юрист,,Опыт более 6 лет,ТОО Ellington Hills,Астана
220,Помощник юриста,от 250 000 ₸ на руки,Опыт 3-6 лет,ТОО КаспиМунайКапитал,Мангистау
221,Юрист,,Опыт 1-3 года,ТОО Engineering Services,Астана
222,Юрист,,Опыт 1-3 года,ТОО Richfit International,Алматы
223,Юрист,,Опыт 3-6 лет,"ТОО Small, ТМ (Скиф Трейд, ТОО)",Астана
224,Юрист,,Опыт более 6 лет,ТОО AVC Group,Алматы
225,Юрист,,Опыт 1-3 года,ТОО KazBuildExpert,Алматы
226,Юрист,,Опыт 3-6 лет,ТОО RG Brands Kazakhstan,Алматы
227,Юрист,350 000 – 400 000 ₸ на руки,Опыт 3-6 лет,ТОО ШАТЕ-М ПЛЮС,Астана
228,Юрист,до 400 000 ₸ на руки,Опыт 3-6 лет,JAS,Алматы
229,Ведущий юрисконсульт,до 80 000 ₽ на руки,Опыт более 6 лет,"Эксмо, издательство",Алматы
230,Юрист-логист,до 300 000 ₸ до вычета налогов,Опыт 3-6 лет,ТОО Урал-Кров-Авто Плюс,Уральск
231,Юрист,150 000 – 180 000 ₸ до вычета налогов,Опыт 1-3 года,ТОО Бикада,Актау
232,Юрист,300 000 – 400 000 ₸ на руки,Опыт более 6 лет,ТОО Гулдала Универмаг,Алматы
233,Младший юрист,,Опыт 1-3 года,ТОО ПЕРВЫЙ ПИВЗАВОД,Алматы
234,Юрист по аренде,,Без опыта,"ТОО Astana Mall Trading,ТОО",Астана
235,Юрист в строительную компанию,до 430 000 ₸ на руки,Опыт более 6 лет,ТОО BAZIS CONSTRUCTION,Алматы
236,Юрист,от 400 000 ₸ на руки,Опыт 3-6 лет,АО ForteLeasing (ФортеЛизинг),Алматы
237,Юрист,,Без опыта,АО Микрофинансовая организация KMF(КМФ),Павлодар
238,Юрист,350 000 – 400 000 ₸ на руки,Опыт 3-6 лет,ТОО QSM Engineering,Астана
239,Юрисконсульт,,Опыт 1-3 года,"Трест Средазэнергомонтаж, АО",Павлодар
240,Юрист криптобиржи,800 000 – 1 000 000 ₸ до вычета налогов,Опыт 3-6 лет,ТОО PayGate (ПэйГейт),Алматы
241,Юрист,от 250 000 ₸ на руки,Опыт 1-3 года,ТОО AISAP (АЙСАП),Алматы
242,Младший корпоративный юрист,,Без опыта,ТОО Ракетная фирма,Алматы
243,Юрист,290 000 – 300 000 ₸ на руки,Опыт 3-6 лет,ТОО Олжа Агро,Костанай
244,Юрист,,Опыт 3-6 лет,"Mary Kay ,Kazakhstan",Алматы
245,Ведущий юрист,300 000 – 300 000 ₸ до вычета налогов,Опыт 3-6 лет,ТОО Водные ресурсы - Маркетинг,Шымкент
246,Юрист-кадровик,350 000 – 500 000 ₸ на руки,Опыт 3-6 лет,ИП Жаркналов М.К.,Алматы
247,Юрист,,Опыт 3-6 лет,ТОО Gold Aluminum (Голд Алюминум),Шымкент
248,Юрист BI Service,,Опыт 1-3 года,ЧК BI Development Ltd.,Астана
249,Юрист,,Опыт 1-3 года,ТОО КДЛ ОЛИМП (ТОО Мырза-Хан),Алматы
250,Юрист,от 260 000 ₸ до вычета налогов,Опыт 1-3 года,ТОО KorkemAlem,Жанаозен
251,Старший юрист,,Опыт 3-6 лет,Teez,Астана
252,Юрист,,Опыт более 6 лет,ТОО IL-TOV (ИЛ-ТОВ),Косшы
253,Юрист,,Опыт 3-6 лет,"Danone, ТМ",Алматы
254,Юрист,300 000 – 350 000 ₸ до вычета налогов,Опыт 1-3 года,ТОО BERTYS CONSTRUCTION,Астана
255,Юрист,до 400 000 ₸ на руки,Опыт 3-6 лет,Казахстанский центр бухгалтерских услуг,Алматы
256,Юрист,,Опыт 3-6 лет,Alphior Business Partners,Алматы
257,Юрист,300 000 – 400 000 ₸ на руки,Опыт 1-3 года,ТОО Казахстанская Энерго-Строительная Корпорация,Алматы
258,Ведущий юрист,,Опыт 1-3 года,АО Банк ЦентрКредит,Алматы
259,Юрист,150 000 – 300 000 ₸ на руки,Опыт 1-3 года,ТОО Prof Service,Актобе
260,Юрист,,Опыт 3-6 лет,ТОО ТАН-НҰР,Шымкент
261,Юрист,,Опыт 1-3 года,ТОО RG Gold,Астана
262,Юрист,,Опыт более 6 лет,ТОО IL-TOV (ИЛ-ТОВ),Астана
263,Юрист,от 200 000 ₸ до вычета налогов,Опыт 1-3 года,ТОО АктобеСтройЭксперт,Актобе
264,Начинающий юрист по продажам,,Без опыта,"ТОО Astana Mall Trading,ТОО",Астана
265,Юрист,,Опыт более 6 лет,ТОО BAZIS CONSTRUCTION,Шымкент
266,Юрисконсульт,260 000 – 260 000 ₸ до вычета налогов,Опыт 3-6 лет,ТОО «Управляющая компания «Қазмедиа орталығы»,Астана
267,Юрист в город Алматы,300 000 – 400 000 ₸ на руки,Опыт 3-6 лет,ТОО Казахстанская Энерго-Строительная Корпорация,Алматы
268,Специалист по контрактам / помощник юриста,250 000 – 250 000 ₸ до вычета налогов,Опыт 1-3 года,ТОО Innovative Well Solutions,Астана
269,Юрист,до 300 000 ₸ до вычета налогов,Опыт 3-6 лет,ИП Империя Талдыкорган,Талдыкорган
270,Юрист по договорной работе,250 000 – 300 000 ₸ на руки,Опыт 1-3 года,ТОО Компания САЛАМАТ,Костанай
271,Юрист,,Опыт более 6 лет,ТОО UNISERV,Уральск
272,Юрист (логистика),,Опыт 3-6 лет,ТОО Atasu Logistics,Алматы
273,Юрист,,Опыт 1-3 года,ТОО Carlsberg Kazakhstan,Алматы
274,Младший юрисконсульт,,Опыт 1-3 года,ТОО Freedom Technologies,Алматы
275,Юрист,до 300 000 ₸ на руки,Опыт более 6 лет,ТОО QazaqOil (PetroRetail),Алматы
276,Юрист,200 000 – 200 000 ₸ до вычета налогов,Опыт 3-6 лет,ТОО КДЛ ОЛИМП (ТОО Мырза-Хан),Атырау
277,Юрисконсульт,,Опыт 3-6 лет,WINLINE. Бизнес,Алматы
278,Юрист,до 180 000 ₸ на руки,Опыт 1-3 года,ТОО УНАГРО,Костанай
279,Юрист по закупкам,,Опыт 1-3 года,"ТОО Astana Mall Trading,ТОО",Астана
280,Юрист в сфере госзакупок,до 700 000 ₸ до вычета налогов,Опыт более 6 лет,ИП Alaya,Астана
281,Помощник юриста,200 000 – 300 000 ₸ на руки,Без опыта,ИП Бексулатнова С.,Алматы
282,Юрисконсульт,300 000 – 600 000 ₸ на руки,Опыт 3-6 лет,ТОО IPLC,Алматы
283,Помощник юриста,от 300 000 ₸ на руки,Опыт 1-3 года,ПУБЛИЧНАЯ КОМПАНИЯ GLK PLC,Алматы
284,Юрист,300 000 – 400 000 ₸ на руки,Опыт 3-6 лет,АО Электромонтаж,Петропавловск
285,Помощник юриста,250 000 – 400 000 ₸ на руки,Без опыта,ТОО Z24,Алматы
286,Юрист,349 000 – 350 000 ₸ на руки,Опыт более 6 лет,ТОО Мунай инвестмент групп,Шымкент
287,Юрист,200 000 – 250 000 ₸ до вычета налогов,Без опыта,ТОО KazExpert Group,Астана
288,Юрист по регистрации и ликвидации организаций,до 400 000 ₸ на руки,Опыт 1-3 года,ТОО АПК Солюшн,Астана
289,Юрист,220 000 – 220 000 ₸ до вычета налогов,Опыт 1-3 года,"ТОО Геофизическая Компания Каспий, ТОО",Актау
290,Юрист группы компаний,300 000 – 600 000 ₸ на руки,Опыт 3-6 лет,ТОО Ломбард Golden Capital-2007,Караганда
291,Юрист,от 250 000 ₸ на руки,Опыт 3-6 лет,ТОО Жеті Аспан,Астана
292,Юрист,150 000 – 250 000 ₸ на руки,Опыт 3-6 лет,ТОО Super-Pharm,Тараз
293,Требуется помощник адвоката/юрист,от 300 000 ₸ на руки,Опыт 1-3 года,ТОО JUSTICE CONSENSUS,Алматы
294,"Юрист в компанию ""Астана-Авто-Строй""",от 400 000 ₸ на руки,Опыт 3-6 лет,ТОО Астана-Авто-Строй,Алматы
295,Юрист,335 000 – 335 000 ₸ на руки,Опыт 1-3 года,ТОО DVERI CITY,Алматы
296,Юрист,,Опыт 3-6 лет,ТОО МинТакс Аудит,Алматы
297,Юрист (судебный юрист),от 350 000 ₸ до вычета налогов,Опыт 3-6 лет,ТОО LEX LIBERTY CORPORATION,Астана
298,Юрист,200 000 – 250 000 ₸ до вычета налогов,Опыт 1-3 года,ТОО JMB INVEST GROUP,Костанай
299,Юрист-стажер,100 000 – 300 000 ₸ на руки,Без опыта,ИП BATTALOV&PARTNERS,Астана
300,Помощник юриста,200 000 – 300 000 ₸ на руки,Без опыта,нотариус Жамалбекова А.,Алматы
301,Юрист/Юрисконсульт,350 000 – 450 000 ₸ на руки,Опыт 3-6 лет,ТОО MAXWELL DISTRIBUTION,Алматы
302,Юрисконсульт,300 000 – 300 000 ₸ до вычета налогов,Опыт 3-6 лет,ТОО Иволга-Алтын,Костанай
303,Юрист,300 000 – 300 000 ₸ на руки,Опыт 3-6 лет,ТОО Научно-производственное объединение Прикладная химия-Казахстан,Алматы
304,Помощник юриста,150 000 – 150 000 ₸ на руки,Без опыта,ТОО Esto Credo,Алматы
305,Помощник юриста,100 000 – 100 000 ₸ на руки,Опыт 1-3 года,ИП ӘДІЛДІК,Атырау
306,Юрисконсульт,,Опыт более 6 лет,АО ZKMK (Западно-Казахстанская машиностроительная компания),Уральск
307,Юрист,,Опыт 1-3 года,ИП UP LAWYERS,Астана
308,Помощник юриста,100 000 – 100 000 ₸ на руки,Без опыта,ИП Юридический центр Территория права,Кокшетау
309,Юрист,400 000 – 450 000 ₸ на руки,Опыт 3-6 лет,ТОО TOLAGAI-2050,Алматы
310,Юрист,от 500 000 ₸ на руки,Опыт 1-3 года,ИП Spankulov,Алматы
311,Юрист,от 400 000 ₸ на руки,Опыт 3-6 лет,ТОО Setanta Qazaqstan,Алматы
312,Юрист,150 000 – 200 000 ₸ на руки,Опыт 3-6 лет,ТОО TransGasMetan,Костанай
313,Юрист,до 350 000 ₸ на руки,Опыт 3-6 лет,ТОО ПрофЭкип,Алматы
314,Юрист,,Опыт 3-6 лет,ТОО Көлсай Строй,Алматы
315,Юрист,до 350 000 ₸ на руки,Опыт 3-6 лет,ТОО Центр доктора Лабунца,Астана
316,Юрист,200 000 – 500 000 ₸ на руки,Опыт 1-3 года,ТОО ЮрСервис-KZ,Астана
317,Юрист,300 000 – 350 000 ₸ до вычета налогов,Опыт 3-6 лет,ИП Jango,Астана
318,Юрист,300 000 – 450 000 ₸ на руки,Опыт 3-6 лет,Частный нотариус Биктимирова-Кузнецова Люция,Астана
319,Юрист,100 000 – 400 000 ₸ на руки,Без опыта,ЧСИ КАЛИЕВ А М,Семей
320,Юрист,150 000 – 250 000 ₸ на руки,Опыт 3-6 лет,Республиканское государственное казенное предприятие Қазақстан су жолдары Комитета железнодорожного и водного транспорта Министерства транспорта РК,Усть-Каменогорск
321,Юрист,450 000 – 600 000 ₸ на руки,Опыт 1-3 года,ТОО OIL RELOADING CORP,Алматы
322,Юрист,200 000 – 300 000 ₸ на руки,Опыт 3-6 лет,ТОО WestEcoPlast,Актау
323,Ведущий юрист,от 150 000 ₸ на руки,Опыт 1-3 года,ГУ Департамент юстиции Костанайской области Министерства юстиции Республики Казахстан,Костанай
324,Ведущий юрист,от 250 000 ₸ до вычета налогов,Опыт 1-3 года,ТОО PravDok,Кокшетау
325,Юрист,,Опыт более 6 лет,ТОО AKZHOL-STROY INDUSTRY,Актау
326,Юрист,от 500 000 ₸ на руки,Опыт 3-6 лет,ТОО IT Avenues,Астана
327,Юрист,,Опыт 3-6 лет,АО СПК Ертис,Усть-Каменогорск
328,"Юрист, юрисконсульт",250 000 – 250 000 ₸ на руки,Опыт 1-3 года,ТОО «Mangystau Oil Refining»,Актау
329,Юрист,до 350 000 ₸ на руки,Опыт 3-6 лет,ИП АктивПро,Алматы
330,Юрист,от 350 000 ₸ до вычета налогов,Опыт 3-6 лет,ТОО Interteach,Атырау
331,Юрист,от 300 000 ₸ до вычета налогов,Опыт 3-6 лет,ТОО Управляющая компания Capital Service,Шымкент
332,Юрист,280 000 – 280 000 ₸ на руки,Опыт 3-6 лет,ТОО Кост-ДЭН,Костанай
333,Юрист,от 250 000 ₸ на руки,Опыт 1-3 года,ТОО Довеку,Астана
334,Юрист,от 300 000 ₸ на руки,Опыт 1-3 года,ТОО Специальная финансовая компания Zanger Finance,Алматы
335,Юрист,,Опыт 1-3 года,ТОО АҚСҮТ LLC,Алматы
336,Юрист,350 000 – 350 000 ₸ на руки,Опыт 3-6 лет,ТОО МИКРОФИНАНСОВАЯ ОРГАНИЗАЦИЯ АТАМЕКЕН-ТУРКЕСТАН,Туркестан
337,Юрист,от 350 000 ₸ на руки,Опыт 3-6 лет,Общественный фонд Жаңа мүмкіндік,Астана
338,Помощник юриста,до 150 000 ₸ до вычета налогов,Без опыта,ТОО МангистауПромСервис,Актау
339,Юрист,200 000 – 230 000 ₸ до вычета налогов,Опыт 1-3 года,Филиал РГП на ПХВ Казгидромет Министерства экологии и природных ресурсов Республики Казахстан по городу Алматы и Алматинской области,Алматы
340,Юрист на производственные объекты,400 000 – 450 000 ₸ до вычета налогов,Опыт более 6 лет,ТОО Первомайский Щебзавод,Костанай
341,Юрист / помощник юриста,100 000 – 200 000 ₸ на руки,Без опыта,ТОО Юридическая Компания Бюрократ,Алматы
342,Главный специалист - юрист,180 000 – 220 000 ₸ на руки,Без опыта,"КГУ «Отдел строительства, архитектуры и градостроительства акимата города Петропавловска",Петропавловск
343,Юрист,до 300 000 ₸ на руки,Опыт 1-3 года,ТОО Клиринговый Центр Астана,Астана
344,Юрист,от 400 000 ₸ на руки,Опыт 1-3 года,ТОО «Микрофинансовая организация «Капиталинвест»»,Алматы
345,Юрист,до 180 000 ₸ на руки,Опыт 3-6 лет,ТОО Юридическая технология,Костанай
346,Юрист,250 000 – 400 000 ₸ на руки,Опыт 1-3 года,ТОО QCG (КьюСиДжи),Алматы
347,Юрисконсульт,от 250 000 ₸ на руки,Опыт 1-3 года,ТОО Коллекторское агентство Департамент взыскания долгов,Семей
348,Старший юрист,200 000 – 400 000 ₸ до вычета налогов,Опыт 1-3 года,ТОО ЮРИДИЧЕСКАЯ КОМПАНИЯ ZANGAR,Астана
349,Юрист,,Опыт 3-6 лет,ТОО УНИВЕРСИТЕТ ИМЕНИ ЖУМАБЕКА АХМЕТУЛЫ ТАШЕНЕВА,Шымкент
350,Юрист,300 000 – 300 000 ₸ на руки,Опыт 1-3 года,ТОО Коллекторское агентство Everest,Алматы
351,Юрист,от 200 000 ₸ на руки,Опыт 3-6 лет,ТОО KARAGANDA CONSULTING GROUP,Караганда
352,Юрист,,Опыт 3-6 лет,PKF Kazakhstan,Алматы
353,Помощник юриста (стажер),150 000 – 200 000 ₸ на руки,Без опыта,ТОО Perfect Logistic,Алматы
354,Менеджер по продажам услуг,390 000 – 1 500 000 ₸ на руки,Опыт 3-6 лет,ТОО EMPATIA (ЭМПАТИЯ),Алматы
355,Кассир-консультант,217 000 – 261 000 ₸ на руки,Опыт 1-3 года,ТОО Ле Монлид Казахстан,Алматы
356,Главный юрист Департамента правового обеспечения,,Опыт 3-6 лет,АО Банк Развития Казахстана,Астана
357,Юрист первичного приема,от 360 000 ₸ на руки,Без опыта,ИП Легал Партнер,Алматы
358,Главный юрисконсульт в юридический отдел,от 700 000 ₸ на руки,Опыт 3-6 лет,ТОО LITRO,Алматы
359,Ведущий юрисконсульт,до 650 000 ₸ на руки,Опыт 3-6 лет,Sulpak,Алматы
360,Руководитель юридического отдела,800 000 – 1 000 000 ₸ на руки,Опыт более 6 лет,ТОО JOBAM,Алматы
361,Юрист,600 000 – 600 000 ₸ на руки,Опыт 3-6 лет,ТОО Chaikhana NAVAT ( Чайхана НАВАТ),Алматы
362,Юрисконсульт,от 470 000 ₸ на руки,Опыт 1-3 года,ТОО Астрона,Астана
363,Юрист,400 000 – 500 000 ₸ на руки,Опыт 3-6 лет,ТОО СвязьСтройСнабСервис-2008,Астана
364,Младший юрист,200 000 – 250 000 ₸ на руки,Без опыта,ТОО СвязьСтройСнабСервис-2008,Астана
365,Ведущий юрист (Претензионно-исковая работа),до 600 000 ₸ до вычета налогов,Опыт 1-3 года,ЧК BI Development Ltd.,Астана
366,Юрист судебно-претензионной работы,от 500 000 ₸ до вычета налогов,Опыт 3-6 лет,ТОО Skill Hub,Алматы
367,Юрист,,Опыт 3-6 лет,ТОО PTC Holding,Астана
368,Юрисконсульт,,Опыт 3-6 лет,Яндекс,Алматы
369,Юрист по эксплуатации и строительству,,Без опыта,"ТОО Astana Mall Trading,ТОО",Астана
370,Юрист по закупкам (без опыта),до 500 000 ₸ на руки,Без опыта,"ТОО Astana Mall Trading,ТОО",Астана
371,Юрист начального уровня,от 180 000 ₸ на руки,Без опыта,ТОО Коллекторское агентство Эксперт,Алматы
372,Требуется руководитель филиала юридической компании по юридическим услугам с опытом работы,200 000 – 1 000 000 ₸ до вычета налогов,Опыт более 6 лет,ТОО QAZ LEGAL ELITE,Шымкент
373,Юрисконсульт филиала «КазАгроФинанс» по г. Шымкент и Туркестанской области,,Опыт 3-6 лет,"КазАгроФинанс, АО",Шымкент
374,Senior Lawyer,,Опыт 3-6 лет,ТОО Universal Еnergy (Qazaqstan) (Юниверсал Энерджи (Казахстан)),Алматы
375,Юрист Управления правовой экспертизы кредитных проектов,,Опыт 1-3 года,АО Jusan Bank,Алматы
376,Корпоративный секретарь,до 400 000 ₸ до вычета налогов,Опыт 1-3 года,DBA UrAsia Energy Holdings Ltd – Kazakhstan Branch,Алматы
377,Менеджер по сопровождению клиентов,200 000 – 700 000 ₸ до вычета налогов,Опыт 1-3 года,ТОО Yourist Consulting Group,Астана
378,Агент по недвижимости,500 000 – 1 300 000 ₸ на руки,Без опыта,ТОО ЦАН РИЭЛТ,Астана
379,Менеджер по сопровождению сделок,от 200 000 ₸ на руки,Опыт 1-3 года,ТОО ЦАН РИЭЛТ,Астана
380,Менеджер отдела продаж,200 000 – 700 000 ₸ до вычета налогов,Опыт 1-3 года,ТОО Yourist Consulting Group,Астана
381,Менеджер по работе с клиентами,от 370 000 ₸ на руки,Без опыта,ИП Юридическая Точка,Актобе
382,Менеджер по недвижимости,500 000 – 900 000 ₸ на руки,Без опыта,ТОО ЦАН РИЭЛТ,Астана
383,Главный юрисконсульт Отдела юридической службы,,Опыт 3-6 лет,АО Народный банк Казахстана,Алматы
384,Менеджер по продажам коммерческой недвижимости,500 000 – 2 000 000 ₸ на руки,Без опыта,ТОО Этажи,Алматы
385,Специалист по продаже недвижимости,420 000 – 2 000 000 ₸ на руки,Без опыта,ТОО Этажи,Астана
386,Бухгалтер,350 000 – 600 000 ₸ на руки,Опыт 3-6 лет,ТОО Big Business Consulting,Алматы
387,Региональный директор,,Опыт 3-6 лет,City Business School RUS,Астана
388,Менеджер по работе с клиентами,от 600 000 ₸ на руки,Без опыта,ТОО Перспектива 24,Усть-Каменогорск
389,Менеджер в офис,от 600 000 ₸ на руки,Без опыта,ТОО Перспектива 24,Усть-Каменогорск
390,Риэлтор по Элитной Недвижимости,600 000 – 2 200 000 ₸ на руки,Без опыта,ТОО Этажи,Астана
391,Личный ассистент руководителя,от 800 000 ₸ на руки,Опыт 3-6 лет,Assistant HR Agency,Алматы
392,Менеджер по продажам с доходом от 500 000 тенге,500 000 – 3 000 000 ₸ на руки,Без опыта,ТОО АГЕНТСТВО НЕДВИЖИМОСТИ МЕЧТА,Алматы
393,Юрист/Главный специалист Отдела по претензионно-исковой работе,,Опыт 3-6 лет,"АО Страховая компания Халык, ДО Народного Банка Казахстана",Алматы
394,Начинающий агент по недвижимости,300 000 – 1 500 000 ₸ на руки,Без опыта,ТОО ЦАН РИЭЛТ,Астана
395,Менеджер по развитию клиентов,120 000 – 200 000 ₸ на руки,Без опыта,Частная компания “Automated Communication Solutions Ltd.”,Кызылорда
396,Специалист по работе с физическими лицами,300 000 – 320 000 ₸ до вычета налогов,Без опыта,ТОО Тазалык-2012,Костанай
397,Менеджер в Международную компанию,400 000 – 3 000 000 ₸ на руки,Без опыта,ТОО Перспектива 24,Усть-Каменогорск
398,Начинающий менеджер по сопровождению сделок/кредитный специалист/Шахтинск,100 000 – 500 000 ₸ до вычета налогов,Без опыта,ТОО ЦАН РИЭЛТ,Шахтинск
399,Ведущий юрист департамента по взысканию проблемных кредитов,,Опыт 1-3 года,АО Jusan Bank,Караганда
400,Начинающий агент по недвижимости,300 000 – 1 000 000 ₸ на руки,Без опыта,ТОО ЦАН РИЭЛТ,Караганда
401,Менеджер по работе с клиентами,500 000 – 800 000 ₸ на руки,Без опыта,ТОО Этажи,Астана
402,"Специалист по открытию банковских счетов в ОАЭ, СНГ и других странах",1 000 – 2 500 $ до вычета налогов,Опыт 1-3 года,UPPERCASE UAE,Астана
403,Финансовый менеджер-аналитик in-house,,Опыт 3-6 лет,UPPERCASE UAE,Алматы
404,Персональный ассистент (помощник) руководителя,250 000 – 350 000 ₸ до вычета налогов,Без опыта,ТОО KazVgrOup,Алматы
405,Менеджер по развитию клиентов,120 000 – 200 000 ₸ на руки,Без опыта,Частная компания “Automated Communication Solutions Ltd.”,Талдыкорган
406,Руководитель отдела продаж,от 400 000 ₸ на руки,Опыт 1-3 года,ЭТАЖИ (ИП Привальцев А.А.),Кокшетау
407,Менеджер по работе с клиентами в учебный центр,200 000 – 300 000 ₸ на руки,Опыт 1-3 года,ТОО Kemenger Education,Алматы
408,Офицер по соблюдению нормативных требований,,Опыт 1-3 года,MIRA TECH L.L.C,Алматы
409,Бухгалтер,300 000 – 350 000 ₸ на руки,Опыт 1-3 года,ТОО INDEPENDENT LAWYERS GROUP,Алматы
410,Legal counsel (Almaty) (Юрист международник) (Работа в офисе) больше 1000 000 на руки,,Опыт 3-6 лет,ТОО АВТО-ЕВРО,Алматы
411,Специалист,125 000 – 220 000 ₸ на руки,Без опыта,ТОО INDEPENDENT LAWYERS GROUP,Алматы
412,Специалист по работе с клиентами по регистрации виз и Mainland в ОАЭ,700 – 1 000 $ до вычета налогов,Опыт 1-3 года,UPPERCASE UAE,Астана
413,Руководитель отдела продаж в издательство,до 1 000 000 ₸ до вычета налогов,Опыт 3-6 лет,"ТОО EDUstream, ТОО",Алматы
414,Финансовый директор группы компаний (опыт в рознице),от 1 500 000 ₸ на руки,Опыт более 6 лет,ТОО SAMRUK Trade,Алматы
415,Координатор отдела логистики,,Опыт 1-3 года,ТОО Huaizhong Logistics,Алматы
416,Менеджер по развитию бизнеса,,Опыт 1-3 года,ООО Оптимакрос,Алматы
417,Руководитель отдела продаж,,Опыт 3-6 лет,ТОО Этажи,Астана
418,Начинающий агент по недвижимости (с проживанием в Майкудуке),300 000 – 1 000 000 ₸ на руки,Без опыта,ТОО ЦАН РИЭЛТ,Караганда
419,Офис-менеджер в международную компанию,,Опыт 1-3 года,ТОО АНКОР Центральная Азия,Алматы
420,Менеджер по подбору и адаптации персонала,,Опыт 1-3 года,ТОО Big Business Consulting,Алматы
421,Руководитель группы продаж,250 000 – 2 000 000 ₸ до вычета налогов,Опыт 3-6 лет,ТОО Этажи,Астана
422,Senior Frontend-разработчик,до 3 100 $ на руки,Опыт более 6 лет,UPPERCASE UAE,Астана
423,HR-специалист,от 300 000 ₸ до вычета налогов,Опыт 3-6 лет,ТОО SaS 888,Кокшетау
424,Главный специалист Управления правового обеспечения кредитной деятельности корпоративного бизнеса ЮД,,Опыт 1-3 года,АО Нурбанк,Алматы
425,Специалист по продажам B2B,,Опыт 1-3 года,ТОО Ле Монлид Казахстан,Алматы
426,Стоматолог хирург / имплантолог,2 500 000 – 5 000 000 ₸ на руки,Опыт 3-6 лет,ТОО СТОМАТОЛОГИЧЕСКИЙ ЦЕНТР ИМПЛАНТ ПРОФИ,Алматы
427,Архитектор IT,,Опыт 3-6 лет,ТОО Коркем Телеком,Астана
428,Стоматолог хирург / имплантолог,2 500 000 – 5 000 000 ₸ на руки,Опыт 3-6 лет,ТОО СТОМАТОЛОГИЧЕСКИЙ ЦЕНТР ИМПЛАНТ ПРОФИ,Астана
429,"Менеджер-Координатор в центр фитнеса, спортивной реабилитации и физподготовки",от 300 000 ₸ на руки,Опыт 3-6 лет,ИП Абитов Р.Б,Астана
430,Специалист по продажам дизайн-проектов,313 400 – 362 800 ₸ на руки,Опыт 1-3 года,ТОО Ле Монлид Казахстан,Алматы
431,Продавец-консультант в строительный отдел,228 000 – 273 000 ₸ на руки,Опыт 1-3 года,ТОО Ле Монлид Казахстан,Алматы
432,Senior QA Engineer,,Опыт 3-6 лет,ТОО Коркем Телеком,Астана
433,Продавец-консультант,228 000 – 273 000 ₸ на руки,Опыт 1-3 года,ТОО Ле Монлид Казахстан,Алматы
434,Управляющий отдела ночного пополнения (менеджер отдела),,Опыт 1-3 года,ТОО Ле Монлид Казахстан,Алматы
435,Менеджер по продажам,300 000 – 1 500 000 ₸ до вычета налогов,Опыт 3-6 лет,ТОО International Law Company (ILC),Астана
436,"Административный менеджер (Илийский район, поселок Ынтымак)",до 350 000 ₸ до вычета налогов,Опыт 3-6 лет,ТОО Caspian Offshore Construction Realty,Алматы
437,"Корпоративный юрист (Международная производственная компания, строительный сегмент)",,Опыт более 6 лет,ТОО АНКОР Центральная Азия,Петропавловск
438,Помощник юрисконсульта,от 350 000 ₸ на руки,Без опыта,ИП Ego Sum Lex,Астана
439,Lawyer (IP Manager),,Опыт 3-6 лет,Santo member of Polpharma Group,Алматы
440,Менеджер по продажам,,Опыт 1-3 года,ТОО Коркем Телеком,Алматы
441,Менеджер по работе с клиентами,от 370 000 ₸ на руки,Без опыта,ИП Ego Sum Lex,Астана
442,Офис-менеджер,от 370 000 ₸ на руки,Без опыта,ИП Юридическая Точка,Актобе
443,Старший монтажник СВП,250 000 – 300 000 ₸ на руки,Опыт 1-3 года,ТОО Коркем Телеком,Астана
444,Юрисконсульт Управления правового обеспечения административной деятельности Банка,,Опыт 1-3 года,АО Жилищный строительный сберегательный банк Отбасы банк,Алматы
445,Отдел кадров,250 000 – 250 000 ₸ до вычета налогов,Опыт 1-3 года,ТОО Бибигон Караганда,Караганда
446,Junior DevOps Engineer,,Без опыта,ТОО Коркем Телеком,Алматы
447,Специалист по недвижимости,400 000 – 1 000 000 ₸ на руки,Опыт 1-3 года,ТОО Этажи,Астана
448,Главный юрист Управления методологии и комплаенс контроля,,Опыт 3-6 лет,АО Народный банк Казахстана,Алматы
449,Начальник Отдела продаж Отдел по работе с корпоративными клиентами,от 377 000 ₸ до вычета налогов,Опыт 3-6 лет,АО Транстелеком,Костанай
450,Специалист в Департамент урегулирования убытков,,Опыт 1-3 года,АО «Компания по страхованию жизни «Nomad Life»,Алматы
451,Старший специалист по подбору и адаптации персонала,,Опыт более 6 лет,Публичная Компания «Freedom Finance Global PLC»,Алматы
452,Главный юрисконсульт Отдела юридической экспертизы проектов Юридического управления,,Опыт 3-6 лет,АО Народный банк Казахстана,Алматы
453,Главный юрист в Юридический отдел,,Опыт 1-3 года,АО Jusan Bank,Тараз
454,Юрист по работе с МСБ проектами,,Опыт 1-3 года,АО Микрофинансовая организация KMF(КМФ),Алматы
455,Менеджер по работе с клиентами,от 370 000 ₸ на руки,Без опыта,ИП Легал Партнер,Алматы
456,Главный юрисконсульт Управления правового сопровождения МСБ РБ,,Опыт 3-6 лет,АО Народный банк Казахстана,Алматы
457,Ведущий юрисконсульт,от 345 ₸ до вычета налогов,Опыт 1-3 года,АО Объединённая ЭнергоСервисная Компания,Усть-Каменогорск
458,Лингвист,150 000 – 300 000 ₸ на руки,Без опыта,ИП Law Council Group,Астана
459,Старший специалист по аренде сайтов,,Опыт 1-3 года,АО Kcell,Алматы
460,Менеджер по работе с клиентами,от 370 000 ₸ на руки,Без опыта,ИП Правовой пульс,Алматы
461,Юрист по сопровождению производства аудиовизуального контента,,Опыт 3-6 лет,ТОО ТОР-МЕДИА,Алматы
462,Маркетолог,до 500 000 ₸ на руки,Опыт 3-6 лет,ТОО Коркем Телеком,Астана
463,Операционный директор (COO),,Опыт более 6 лет,ТОО Коркем Телеком,Астана
464,Юрист по сопровождению сделок по недвижимости коммерческий и жилой недвижимости,400 000 – 1 000 000 ₸ на руки,Без опыта,Atrium,Алматы
465,Ведущий юрист департамента по взысканию проблемных кредитов,,Опыт 1-3 года,АО Jusan Bank,Атырау
466,Менеджер в отдел продаж,400 000 – 2 000 000 ₸ на руки,Без опыта,ТОО Этажи,Астана
467,IT HR Business Partner,,Опыт 3-6 лет,ТОО Коркем Телеком,Астана
468,Специалист по обработке данных,180 000 – 220 000 ₸ на руки,Без опыта,ТОО Коркем Телеком,Астана
469,Главный юрист направления по взаимодействию с уполномоченным органом,,Опыт 3-6 лет,АО МФО ОнлайнКазФинанс (ТМ Solva),Алматы
470,Менеджер в Международную компанию,400 000 – 1 500 000 ₸ на руки,Без опыта,ТОО Этажи,Астана
471,Начинающий бухгалтер,от 180 000 ₸ до вычета налогов,Без опыта,ТОО Samruk Tekstil,Караганда
472,Менеджер по развитию контента BeeTV,,Опыт 3-6 лет,"Beeline, ТМ",Алматы
473,"Юрист, отдел кадров",180 000 – 200 000 ₸ на руки,Опыт 1-3 года,ТОО БМК & Ко,Кызылорда
474,Юрист по сопровождению отдела финансов и аудита,,Опыт 3-6 лет,АО Группа компаний Аллюр,Астана
475,Архивариус,85 000 – 85 000 ₸ до вычета налогов,Без опыта,ТОО Kazglobalsolution,Атырау
476,Юрист-методолог в IT,,Опыт 3-6 лет,АО Банковское сервисное бюро Национального Банка Казахстана,Астана
477,Менеджер в Департамент юридической поддержки,,Опыт 3-6 лет,АО Al Hilal Банк,Алматы
478,Помощник ЧСИ,100 000 – 500 000 ₸ на руки,Без опыта,ЧСИ Бектемиров Т. К,Алматы
479,Юрист + SMM менеджер,250 000 – 350 000 ₸ до вычета налогов,Опыт 1-3 года,ТОО New Direction,Астана
480,Главный юрист в Юридический отдел,,Опыт 1-3 года,АО Jusan Bank,Шымкент
481,Менеджер по работе с Клиентами г. Петропавловск,от 60 000 ₽ на руки,Без опыта,BY business group,Петропавловск
482,Lawyer Assistant,300 000 – 400 000 ₸ на руки,Опыт 1-3 года,ТОО «Legalmax Central Asia (Легалмакс Центральная Азия)»,Алматы
483,Стажер в юридическую фирму,50 000 – 100 000 ₸ до вычета налогов,Без опыта,ИП SOLIS,Астана
484,Администратор / менеджер благотворительного фонда,,Опыт 1-3 года,ТОО Butterfly Effect,Астана
485,Chief Financial Officer,,Опыт более 6 лет,ТОО Коркем Телеком,Астана
486,Senior Lawyer (on maternity leave),,Опыт более 6 лет,ТОО FSSA,Алматы
487,Региональный менеджер по развитию территории,от 400 000 ₸ на руки,Опыт 1-3 года,ТОО Торговая Компания Сатурн,Астана
488,Контент-менеджер / Копирайтер,,Опыт 1-3 года,Kaspi.kz,Алматы
489,Монтажник слаботочных систем,250 000 – 300 000 ₸ на руки,Опыт 1-3 года,ТОО Коркем Телеком,Астана
490,Личный ассистент руководителя,150 000 – 200 000 ₸ на руки,Опыт 1-3 года,ТОО АДИЛИ ТЕКСТИЛЬ,Алматы
491,Менеджер проектов реальной клинической практики/RWE Manager,,Опыт более 6 лет,"АстраЗенека ЮК Лимитед Казахстан, Представительство Компании",Алматы
492,Логист-водитель,до 300 000 ₸ на руки,Опыт 1-3 года,ТОО Коркем Телеком,Астана
493,Главный специалист города Управления правового сопровождения основной деятельности(СК),,Опыт 1-3 года,АО «Freedom Bank Kazakhstan»,Алматы
494,Senior Lawyer,,Опыт более 6 лет,ТОО DAR tech,Алматы
495,Агент по продаже недвижимости (удалённо),от 235 000 ₽ до вычета налогов,Опыт 1-3 года,ЛАЙТХАУС,Алматы
496,Ведущий юрист департамента по взысканию проблемных кредитов,,Опыт 1-3 года,АО Jusan Bank,Петропавловск
497,Ведущий юрисконсульт,,Опыт 1-3 года,АО Нурбанк,Шымкент
498,Юрист-специалист по закупкам,,Опыт 1-3 года,ТОО Научно-Технический Центр Востоктехносервис,Караганда
499,Делопроизводитель,120 000 – 150 000 ₸ до вычета налогов,Без опыта,ТОО Кредитное товарищество ASYL,Караганда
500,Региональный менеджер по развитию территории,от 400 000 ₽ на руки,Без опыта,ТОО Торговая Компания Сатурн,Костанай
501,Контрактный администратор,,Опыт более 6 лет,ТОО BAZIS CONSTRUCTION,Шымкент
502,Технический переводчик с знанием китайского языка,300 000 – 400 000 ₸ на руки,Опыт 3-6 лет,"SANY KAZAKHSTAN - Генеральное Представительство SANY HEAVY MACHINE CO., Ltd в Казахстане",Алматы
503,Специалист в отдел операционного сопровождения партнеров,,Опыт 1-3 года,ТОО QIWI Kazakhstan (КИВИ Казахстан),Алматы
504,Исполнительный директор,от 700 000 ₸ на руки,Опыт 3-6 лет,ТОО СМ Бэби Трейдинг,Алматы
505,Стажер в департамент маркетинга,,Без опыта,АО ИП Эфес Казахстан,Алматы
506,Руководитель склада,до 700 000 ₸ на руки,Опыт 3-6 лет,ТОО СМ Бэби Трейдинг,Алматы
507,Старший специалист по связям с инвесторами,,Опыт 3-6 лет,"AIR ASTANA, АО",Алматы
508,"Менеджер по продажам оборудования (входящие звонки, на дому)",550 – 1 700 $ на руки,Опыт 1-3 года,Новые технологии,Кокшетау
509,Middle Analyst (Аналитик),,Опыт 1-3 года,ООО Оптимакрос,Астана
510,Junior Analyst (Младший аналитик),,Опыт 1-3 года,ООО Оптимакрос,Астана
511,Юрист,140 000 – 150 000 ₸ на руки,Опыт 3-6 лет,ОО Шанырак-2008,Атырау
512,Юрист,,Опыт 3-6 лет,ТОО Eurasia Group Kazakhstan,Астана
513,Юрист,,Опыт 3-6 лет,ТОО АксуКант,Алматы
514,Юрист,до 300 000 ₸ на руки,Опыт 3-6 лет,ТОО Dmistral,Астана
515,Юрист,от 300 000 ₸ на руки,Опыт 3-6 лет,ТОО Finex-Audit,Астана
516,Юрист,от 200 000 ₸ на руки,Опыт 1-3 года,ТОО Заң Сonsulting,Алматы
517,Старший юрист,,Опыт более 6 лет,"Казахстанская Иджара Компания, АО",Алматы
518,Юрист (строительство),,Опыт более 6 лет,ТОО ENGINEERING PROCUREMENT CONSTRUСTION MANAGEMENT GROUP,Алматы
519,Юрист (г. Астана),,Опыт 3-6 лет,ТОО Ergo.dom,Астана
520,Юрист-кадровик,500 000 – 550 000 ₸ на руки,Опыт 3-6 лет,ТОО АЙ-БИ ГРУПП,Астана
521,Юрисконсульт,от 400 000 ₸ до вычета налогов,Опыт 3-6 лет,ТОО AR GROSS,Астана
522,Юрист,,Опыт более 6 лет,ТОО Орда Строй Инвест XXI,Астана
523,Юрист,,Опыт 3-6 лет,ТОО Ronesans Infra Construction (Ронесанс Инфра Констракшн),Кокшетау
524,Юрист,,Опыт более 6 лет,ТОО Food Packaging KZ,Байсерке ( Алматинская область)
525,Кадровик-юрист,150 000 – 300 000 ₸ на руки,Опыт 1-3 года,"ТОО juldyzkenan Co., LTD",Алматы
526,Помощник юриста,100 000 – 150 000 ₸ на руки,Без опыта,ТОО TN Union Partners,Алматы
527,Юрист-консультант по работе с государственным органом,500 000 – 600 000 ₸ до вычета налогов,Опыт более 6 лет,ТОО Alliance Minerals,Астана
528,Юрисконсульт,250 000 – 350 000 ₸ на руки,Опыт более 6 лет,ТОО АЛМАТЫЭНЕРГОСЕРВИС,Алматы
529,Юрист,,Опыт 3-6 лет,ЧК BES.MEDIA LTD,Алматы
530,Юрист,,Опыт 3-6 лет,ТОО Восток Инвест Group,Астана
531,Юрист,от 200 000 ₸ до вычета налогов,Опыт 1-3 года,ТОО SD Legal Pro,Астана
532,Senior lawyer / Старший юрист (English C1),,Опыт более 6 лет,ТОО Cyber Temple,Алматы
533,Младший юрист,100 000 – 150 000 ₸ до вычета налогов,Без опыта,ТОО Гражданская Оборона,Алматы
534,Юрист,300 000 – 350 000 ₸ на руки,Опыт 3-6 лет,ТОО Компания MD Group,Астана
535,Юрист,250 000 – 300 000 ₸ на руки,Опыт 1-3 года,ТОО Essentai Offices,Алматы
536,Юрист начального уровня,150 000 – 300 000 ₸ на руки,Без опыта,ИП Салихова,Алматы
537,Юрисконсульт,300 000 – 300 000 ₸ на руки,Опыт 1-3 года,ТОО Capital Real Estate Fund,Астана
538,Юрисконсульт,,Опыт 3-6 лет,ТОО International Law Company (ILC),Астана
539,Юрист,,Опыт 3-6 лет,ТОО Orbis Finance,Алматы
540,Юрист,от 600 000 ₸ на руки,Опыт 3-6 лет,ТОО Управляющая компания ДОМИНАНТА,Алматы
541,Помощник юриста,200 000 – 300 000 ₸ на руки,Опыт 3-6 лет,ГКП на ПХВ акимата города Алматы «Алматы Қала Жарық,Алматы
542,Юрист,315 000 – 350 000 ₸ до вычета налогов,Опыт 3-6 лет,АО Национальная компания ҚазАвтоЖол области Абай,Семей
543,Юрист,250 000 – 300 000 ₸ до вычета налогов,Опыт 1-3 года,ТОО AB-Service Company,Астана
544,Юрисконсульт,,Опыт 3-6 лет,"Завод им.С.М.Кирова, АО",Петропавловск
545,Юрист,до 400 000 ₸ на руки,Опыт 3-6 лет,ТОО ALMATY MOTORS COMPANY,Алматы
546,Помощник юриста,от 200 000 ₸ на руки,Опыт 1-3 года,ИП Юристократ,Алматы
547,Ведущий юрисконсульт,,Опыт 3-6 лет,ТОО CES Kazakhstan,Павлодар
548,Юрист,,Опыт более 6 лет,ТОО Управляющая компания Радостная жизнь,Алматы
549,Юрист,от 250 000 ₸ на руки,Опыт 1-3 года,ТОО ІРГЕТАС-ҚҰРЫЛЫС-ІІ,Павлодар
550,Координатор по работе с юридическими консультантами/Помощник юриста,от 150 000 ₸ до вычета налогов,Без опыта,Палата юридических консультантов Алматинская Юридическая Палата АЮА,Алматы
551,Юрист,,Опыт 3-6 лет,ТОО KAZPETROL GROUP,Кызылорда
552,Юрист - госзакупщик,от 350 000 ₸ на руки,Опыт 1-3 года,ТОО Neo Meds,Астана
553,Помощник юриста,100 000 – 100 000 ₸ на руки,Без опыта,ТОО Астана-Стройдизайн,Астана
554,Помощник/ассистент руководителя,80 000 – 244 000 ₸ на руки,Без опыта,Частный юрист Курц Д.,Алматы
555,Юрист,,Опыт 3-6 лет,ТОО TDS Group,Алматы
556,Юрист,250 000 – 350 000 ₸ на руки,Опыт 1-3 года,ТОО Кәсіби Құрылыс,Караганда
557,Юрисконсульт,100 000 – 1 000 000 ₸ до вычета налогов,Без опыта,ТОО HALYK ZANGER,Алматы
558,"Требуется юристы, адвокаты, консультанты, эксперты по юридическим вопросам в юридическую компанию",100 000 – 1 000 000 ₸ до вычета налогов,Без опыта,ТОО QAZ LEGAL ELITE,Шымкент
559,Юрист,700 000 – 800 000 ₸ на руки,Опыт более 6 лет,ТОО DSS,Атырау
560,Юрист,,Опыт 3-6 лет,ТОО WEST EAST LEGAL,Астана
561,Юрист,от 250 000 ₸ на руки,Опыт 1-3 года,ТОО Коллекторское агентство Luck Return,Алматы
562,Юрисконсульт,,Опыт 3-6 лет,ТОО Новые горные технологии,Актобе
563,Юрист,до 350 000 ₸ на руки,Опыт 3-6 лет,ИП Кыдырбеков Д Д,Астана
564,Младший юрист в юридическую фирму,180 000 – 250 000 ₸ на руки,Опыт 1-3 года,ИП SOLIS,Астана
565,Главный менеджер департамента правового обеспечения (юрист),,Опыт 1-3 года,ТОО Микрофинансовая организация Almaty,Алматы
566,"Менеджер по работе с договорами, юрисконсульт",от 300 000 ₸ на руки,Опыт 3-6 лет,ТОО UNION PARTNERS LLP (Юнион Партнерс ЛЛП),Алматы
567,Юрист,500 000 – 500 000 ₸ на руки,Опыт 3-6 лет,ТОО Тархан Групп,Астана
568,Юрист,500 000 – 500 000 ₸ на руки,Опыт 1-3 года,ТОО Голубая Звезда Казахстана (Blue Star of Kazakhstan),Алматы
569,Юрист,300 000 – 1 000 000 ₸ на руки,Опыт 1-3 года,ТОО Мега-Старт Казакстан,Астана
570,Юрист,,Опыт 3-6 лет,Адвокат Ибрагимов Т.А.,Павлодар
571,Юрист,от 500 000 ₸ на руки,Опыт 3-6 лет,ТОО ZAŃ NÓKERI,Астана
572,Ассистент юриста/секретарь,150 000 – 200 000 ₸ на руки,Опыт 1-3 года,ТОО Infrasports,Алматы
573,Менеджер по продажам,от 370 000 ₸ на руки,Без опыта,ИП Юридическая Точка,Актобе
574,Менеджер по продаже недвижимости в офис Орбита,400 000 – 2 000 000 ₸ на руки,Без опыта,ТОО Витрина-Алматы,Алматы
575,Кредитный специалист,от 260 000 ₸ до вычета налогов,Опыт 1-3 года,ТОО КРЕДИТНОЕ ТОВАРИЩЕСТВО КЕРЕКУ,Павлодар
576,Заместитель главного бухгалтера,,Опыт 3-6 лет,ТОО ЮрБух Ко,Актобе
577,"IT Support Analyst, Almaty",600 000 – 700 000 ₸ на руки,Опыт 3-6 лет,ТОО Кинстеллар,Алматы
578,Менеджер по продажам,250 000 – 500 000 ₸ до вычета налогов,Опыт 1-3 года,ТОО Nurkuat Energy,Караганда
579,Менеджер по продажам Телемаркетолог,от 200 000 ₸ на руки,Без опыта,ТОО FLAGMAN SOLUTIONS,Алматы
580,Senior AI Engineer,от 1 000 000 ₸ на руки,Опыт 3-6 лет,ТОО ITbyDesign (АйТибайДизайн),Астана
581,"Помощник руководителя, начинающий юрист",,Без опыта,ТОО Метры Актюбинск,Актобе
582,Маркетолог-продавец в юридическую компанию,150 000 – 350 000 ₸ до вычета налогов,Опыт 1-3 года,ТОО Golden Lawyers,Алматы
583,Помощник адвоката,120 000 – 220 000 ₸ на руки,Опыт 1-3 года,Адвокат БЕЛОНОЖКО М.В.,Костанай
584,Секретарь / Офис-менеджер / Помощник руководителя,120 000 – 250 000 ₸ на руки,Без опыта,ТОО Factum x Ronin,Астана
585,Операционный менеджер,от 300 000 ₸ на руки,Опыт 3-6 лет,ТОО Viamedis,Астана
586,Бухгалтер-стажёр по работе с клиентами,200 000 – 200 000 ₸ на руки,Без опыта,ТОО I-LICENSE,Алматы
587,Менеджер по продажам,от 370 000 ₸ до вычета налогов,Без опыта,ИП ЖИХАРЕВ Р. А,Алматы
588,Помощник юрисконсульта,150 000 – 150 000 ₸ на руки,Без опыта,ИП Law Council Group,Астана
589,Специалист по закупкам,,Без опыта,ТОО Libra-KZ,Астана
590,Бизнес-ассистент CEO,от 300 000 ₸ на руки,Опыт 1-3 года,ТОО НАТИВ,Алматы
591,Фотомодель,85 000 – 200 000 ₸ до вычета налогов,Без опыта,ИП ЮРИСТ-ПРАВОЗАЩИТНИК,Алматы
592,Агент по недвижимости,500 000 – 1 500 000 ₸ до вычета налогов,Без опыта,ИП Realty Pro,Алматы
593,Спикер онлайн-курсов (трудовое право),от 50 000 ₸ до вычета налогов,Опыт более 6 лет,ТОО Международный центр повышения квалификации,Алматы
594,Офис-менеджер,200 000 – 200 000 ₸ до вычета налогов,Без опыта,ТОО Jana Baspana,Алматы
595,Помощник юриста (делопроизводитель),от 200 000 ₸ на руки,Опыт 3-6 лет,ТОО АС-Сервис Групп,Павлодар
596,Юрист - помощник частного судебного исполнителя,200 000 – 300 000 ₸ до вычета налогов,Опыт 1-3 года,Частный судебный исполнитель Нурсадыкова Д.М.,Конаев
597,Офис-менеджер,от 120 000 ₸ до вычета налогов,Опыт 1-3 года,ТОО ЛИФТ ГАРАНТ,Шымкент
598,Менеджер по тендерам,100 000 – 1 000 000 ₸ на руки,Без опыта,ТОО Caplan and Gold,Алматы
599,"Юрист начального уровня, помощник Частного судебного исполнителя",80 000 – 100 000 ₸ на руки,Без опыта,ЧСИ,Алматы
600,Менеджер по персоналу,150 000 – 200 000 ₸ до вычета налогов,Опыт 1-3 года,ТОО Центр недвижимости Витрина Aktau,Актау
601,Главный бухгалтер,от 500 000 ₸ до вычета налогов,Опыт более 6 лет,ТОО ЮрБух Ко,Актобе
602,Юрист,300 000 – 450 000 ₸ на руки,Опыт более 6 лет,ТОО Ак-Жайык-7,Тараз
